epoch,step,train/av2/brier_fde,train/av2/minADE6,train/av2/minFDE6,train/av2/miss_rate,train/brier_fde,train/minADE6,train/minFDE6,train/miss_rate,train/nuscenes/brier_fde,train/nuscenes/minADE6,train/nuscenes/minFDE6,train/nuscenes/miss_rate,train/waymo/brier_fde,train/waymo/minADE6,train/waymo/minFDE6,train/waymo/miss_rate,val/av2/brier_fde,val/av2/minADE6,val/av2/minFDE6,val/av2/miss_rate,val/brier_fde,val/minADE6,val/minFDE6,val/miss_rate,val/nuscenes/brier_fde,val/nuscenes/minADE6,val/nuscenes/minFDE6,val/nuscenes/miss_rate,val/waymo/brier_fde,val/waymo/minADE6,val/waymo/minFDE6,val/waymo/miss_rate
0,7,,,,,,,,,,,,,,,,,36.62104415893555,16.89718246459961,35.787723541259766,0.9522672891616821,39.14168167114258,18.0251407623291,38.308345794677734,0.9621999859809875,33.11793518066406,15.158586502075195,32.28459548950195,0.9722222089767456,39.47209930419922,18.17572784423828,38.638763427734375,0.9629629850387573
0,7,39.240699768066406,18.360233306884766,38.40718078613281,1.0,43.07527160644531,20.734281539916992,42.241397857666016,0.9919999837875366,47.2217903137207,23.037471771240234,46.397865295410156,1.0,43.30525588989258,20.881298065185547,42.4711799621582,0.9912280440330505,,,,,,,,,,,,,,,,
1,15,,,,,,,,,,,,,,,,,32.552284240722656,15.213479042053223,31.718950271606445,0.9618138670921326,34.7843132019043,15.896065711975098,33.950984954833984,0.9661999940872192,27.477882385253906,12.523396492004395,26.644542694091797,0.9583333134651184,35.10839080810547,16.01334571838379,34.275062561035156,0.9667332172393799
1,15,34.68576431274414,15.752066612243652,33.854522705078125,1.0,38.62369155883789,17.47151756286621,37.79034423828125,0.9760000109672546,43.67182922363281,19.769962310791016,42.83623504638672,1.0,38.84601593017578,17.566940307617188,38.01254653930664,0.9736841917037964,,,,,,,,,,,,,,,,
2,23,,,,,,,,,,,,,,,,,30.08194923400879,15.211605072021484,29.248607635498047,0.9713603854179382,32.246463775634766,15.753412246704102,31.41314125061035,0.9692000150680542,24.0916805267334,12.270423889160156,23.258342742919922,0.9027777910232544,32.57782745361328,15.859379768371582,31.74448585510254,0.970059871673584
2,23,30.66399383544922,14.88949966430664,29.83390998840332,1.0,34.7610969543457,16.085800170898438,33.92774963378906,0.9760000109672546,37.593299865722656,15.776330947875977,36.77436065673828,1.0,35.03487014770508,16.185672760009766,34.20100402832031,0.9736841917037964,,,,,,,,,,,,,,,,
3,31,,,,,,,,,,,,,,,,,29.732114791870117,15.332295417785645,28.898775100708008,0.9713603854179382,31.876420974731445,15.828879356384277,31.0430850982666,0.9711999893188477,23.66979217529297,12.40291976928711,22.836442947387695,0.9305555820465088,32.20673751831055,15.929725646972656,31.373401641845703,0.971834123134613
3,31,29.630035400390625,15.097675323486328,28.80086898803711,0.8888888955116272,33.47172927856445,15.908445358276367,32.63933563232422,0.9520000219345093,33.80017852783203,14.104774475097656,32.96095657348633,1.0,33.76926040649414,16.00409698486328,32.936729431152344,0.9561403393745422,,,,,,,,,,,,,,,,
4,39,,,,,,,,,,,,,,,,,29.823732376098633,14.986139297485352,28.99037742614746,0.9737470149993896,32.05571746826172,15.519416809082031,31.222352981567383,0.9679999947547913,24.060871124267578,12.121227264404297,23.227510452270508,0.9166666865348816,32.39078140258789,15.623234748840332,31.55742645263672,0.9682856798171997
4,39,29.26850128173828,15.14454174041748,28.437726974487305,0.8888888955116272,33.0338249206543,15.890174865722656,32.20024490356445,0.9440000057220459,32.59927749633789,13.691522598266602,31.756559371948242,1.0,33.338706970214844,15.987613677978516,32.50506591796875,0.9473684430122375,,,,,,,,,,,,,,,,
5,47,,,,,,,,,,,,,,,,,29.364818572998047,14.595457077026367,28.531469345092773,0.9713603854179382,31.722837448120117,15.244784355163574,30.889480590820312,0.9667999744415283,23.864906311035156,11.857333183288574,23.031545639038086,0.9166666865348816,32.06740951538086,15.359217643737793,31.234081268310547,0.9671767354011536
5,47,28.86724090576172,14.636378288269043,28.033414840698242,0.8888888955116272,33.123863220214844,15.555947303771973,32.290260314941406,0.9520000219345093,33.18577575683594,13.892172813415527,32.3507194519043,1.0,33.45882797241211,15.657733917236328,32.625267028808594,0.9561403393745422,,,,,,,,,,,,,,,,
6,55,,,,,,,,,,,,,,,,,29.48073959350586,14.325976371765137,28.64740562438965,0.9761336445808411,31.975053787231445,15.002342224121094,31.141721725463867,0.9674000144004822,24.44483757019043,11.760112762451172,23.611473083496094,0.9305555820465088,32.32708740234375,15.116965293884277,31.493741989135742,0.9671767354011536
6,55,28.87358856201172,14.15932846069336,28.036710739135742,0.8888888955116272,33.412818908691406,15.287967681884766,32.57923126220703,0.9440000057220459,33.131553649902344,13.778726577758789,32.30400848388672,1.0,33.776119232177734,15.403548240661621,32.94268035888672,0.9473684430122375,,,,,,,,,,,,,,,,
7,63,,,,,,,,,,,,,,,,,28.645174026489258,14.007739067077637,27.81182861328125,0.9689737558364868,31.399322509765625,14.797728538513184,30.56597137451172,0.9679999947547913,23.852901458740234,11.581396102905273,23.019508361816406,0.9166666865348816,31.775760650634766,14.922494888305664,30.94240951538086,0.9687291979789734
7,63,27.787996292114258,13.846067428588867,26.95781707763672,0.8888888955116272,32.77135467529297,15.144256591796875,31.938657760620117,0.9359999895095825,33.02009201049805,13.804529190063477,32.19682312011719,1.0,33.16041564941406,15.270248413085938,32.32735061645508,0.9385964870452881,,,,,,,,,,,,,,,,
8,71,,,,,,,,,,,,,,,,,27.879722595214844,13.585322380065918,27.046388626098633,0.9665871262550354,30.938405990600586,14.560487747192383,30.105043411254883,0.9657999873161316,23.428646087646484,11.349653244018555,22.5952205657959,0.8888888955116272,31.342548370361328,14.702371597290039,30.509201049804688,0.9669550061225891
8,71,26.369728088378906,12.918082237243652,25.536888122558594,0.8888888955116272,32.30440139770508,14.762334823608398,31.470500946044922,0.9440000057220459,31.98329734802246,13.488917350769043,31.149080276489258,1.0,32.77855682373047,14.930274963378906,31.944583892822266,0.9473684430122375,,,,,,,,,,,,,,,,
9,79,,,,,,,,,,,,,,,,,26.654043197631836,13.874711990356445,25.820697784423828,0.9737470149993896,29.877662658691406,14.91564655303955,29.044300079345703,0.9711999893188477,21.86111068725586,11.680571556091309,21.027666091918945,0.9027777910232544,30.30522346496582,15.064031600952148,29.471858978271484,0.9720559120178223
9,79,26.08674430847168,12.246316909790039,25.258827209472656,0.8888888955116272,32.369686126708984,14.56246566772461,31.535600662231445,0.9599999785423279,32.162620544433594,13.43228530883789,31.328624725341797,1.0,32.86934280395508,14.765148162841797,32.034767150878906,0.9649122953414917,,,,,,,,,,,,,,,,
10,87,,,,,,,,,,,,,,,,,26.899127960205078,13.216483116149902,26.065731048583984,0.9665871262550354,30.29833984375,14.375898361206055,29.464956283569336,0.9670000076293945,22.967077255249023,11.308826446533203,22.133590698242188,0.875,30.731290817260742,14.532617568969727,29.89789581298828,0.9685074090957642
10,87,24.737178802490234,12.521289825439453,23.90218734741211,0.8888888955116272,30.807920455932617,14.660540580749512,29.974117279052734,0.9760000109672546,27.3626766204834,12.532953262329102,26.538463592529297,1.0,31.347631454467773,14.866754531860352,30.513755798339844,0.9824561476707458,,,,,,,,,,,,,,,,
11,95,,,,,,,,,,,,,,,,,26.59933853149414,13.249578475952148,25.765958786010742,0.964200496673584,29.93906593322754,14.399550437927246,29.10565948486328,0.9656000137329102,22.54082679748535,11.353899955749512,21.707313537597656,0.875,30.367542266845703,14.555047988891602,29.53413963317871,0.9671767354011536
11,95,24.387367248535156,12.012824058532715,23.556161880493164,0.8888888955116272,30.859952926635742,14.375664710998535,30.026884078979492,0.9679999947547913,28.242332458496094,12.610803604125977,27.40522003173828,1.0,31.416872024536133,14.593168258666992,30.583723068237305,0.9736841917037964,,,,,,,,,,,,,,,,
12,103,,,,,,,,,,,,,,,,,26.546581268310547,12.977446556091309,25.713109970092773,0.9713603854179382,30.0721492767334,14.072304725646973,29.238712310791016,0.9613999724388123,22.96969223022461,11.227651596069336,22.136138916015625,0.8611111044883728,30.513168334960938,14.219467163085938,29.679752349853516,0.9620758295059204
12,103,23.980247497558594,11.520119667053223,23.147951126098633,0.7777777910232544,30.8422794342041,14.128780364990234,30.009016036987305,0.9279999732971191,28.206310272216797,12.670130729675293,27.37163543701172,1.0,31.430265426635742,14.360318183898926,30.596946716308594,0.9385964870452881,,,,,,,,,,,,,,,,
13,111,,,,,,,,,,,,,,,,,25.872560501098633,13.175239562988281,25.039159774780273,0.9737470149993896,29.33987808227539,14.292279243469238,28.506467819213867,0.9670000076293945,21.936452865600586,11.411762237548828,21.10293960571289,0.8888888955116272,29.78031349182129,14.4420804977417,28.94689178466797,0.967620313167572
13,111,23.295440673828125,11.94257926940918,22.460132598876953,0.8888888955116272,30.329273223876953,14.099322319030762,29.497167587280273,0.9520000219345093,29.028165817260742,12.723371505737305,28.198223114013672,1.0,30.907400131225586,14.293730735778809,30.07551383972168,0.9561403393745422,,,,,,,,,,,,,,,,
14,119,,,,,,,,,,,,,,,,,25.6334228515625,12.94202709197998,24.800004959106445,0.9809069037437439,29.138839721679688,14.13353443145752,28.305461883544922,0.9649999737739563,22.171875,11.338091850280762,21.338449478149414,0.9166666865348816,29.575834274291992,14.288900375366211,28.742456436157227,0.9642936587333679
14,119,23.347978591918945,11.482830047607422,22.512535095214844,0.8888888955116272,30.114864349365234,13.959451675415039,29.28233528137207,0.9520000219345093,26.763933181762695,12.429834365844727,25.935352325439453,1.0,30.707881927490234,14.181809425354004,29.875511169433594,0.9561403393745422,,,,,,,,,,,,,,,,
15,127,,,,,,,,,,,,,,,,,25.860862731933594,12.57986831665039,25.027385711669922,0.9665871262550354,29.37297248840332,13.738701820373535,28.539522171020508,0.9571999907493591,23.030784606933594,11.153107643127441,22.197269439697266,0.875,29.800600051879883,13.887673377990723,28.9671630859375,0.9576402902603149
15,127,22.369842529296875,11.407242774963379,21.533464431762695,0.8888888955116272,29.278125762939453,13.974644660949707,28.445932388305664,0.9359999895095825,25.202362060546875,12.296365737915039,24.369216918945312,1.0,29.895021438598633,14.20677661895752,29.063173294067383,0.9385964870452881,,,,,,,,,,,,,,,,
16,135,,,,,,,,,,,,,,,,,25.790462493896484,12.43662166595459,24.95696449279785,0.9713603854179382,29.06689453125,13.616436004638672,28.233444213867188,0.9552000164985657,23.241409301757812,11.116052627563477,22.407814025878906,0.9305555820465088,29.464380264282227,13.765996932983398,28.630937576293945,0.9540917873382568
16,135,22.02837371826172,11.202446937561035,21.196571350097656,1.0,28.942060470581055,13.819172859191895,28.109006881713867,0.9440000057220459,26.42916488647461,12.362564086914062,25.60045051574707,1.0,29.531963348388672,14.051312446594238,28.6987361907959,0.9385964870452881,,,,,,,,,,,,,,,,
17,143,,,,,,,,,,,,,,,,,24.902690887451172,12.736309051513672,24.069286346435547,0.9761336445808411,28.145750045776367,13.998680114746094,27.312362670898438,0.9598000049591064,22.439350128173828,11.34475040435791,21.605831146240234,0.9166666865348816,28.538232803344727,14.158369064331055,27.704864501953125,0.9589709639549255
17,143,22.329708099365234,11.074697494506836,21.495574951171875,1.0,28.93012237548828,13.739611625671387,28.09758186340332,0.9520000219345093,30.93985366821289,13.3984375,30.10601806640625,1.0,29.41594696044922,13.955986022949219,28.583555221557617,0.9473684430122375,,,,,,,,,,,,,,,,
18,151,,,,,,,,,,,,,,,,,23.781103134155273,13.19152545928955,22.947750091552734,0.9809069037437439,27.54177474975586,14.507335662841797,26.708425521850586,0.9628000259399414,21.357378005981445,11.704402923583984,20.52391242980957,0.9166666865348816,27.989980697631836,14.674365043640137,27.156646728515625,0.9618540406227112
18,151,24.26702117919922,11.165407180786133,23.434038162231445,0.8888888955116272,29.811782836914062,13.553966522216797,28.97890281677246,0.9599999785423279,31.54993438720703,13.576091766357422,30.714046478271484,1.0,30.219032287597656,13.742151260375977,29.386215209960938,0.9649122953414917,,,,,,,,,,,,,,,,
19,159,,,,,,,,,,,,,,,,,23.98723793029785,13.051444053649902,23.153884887695312,0.9832935333251953,27.711715698242188,14.171818733215332,26.878372192382812,0.9620000123977661,21.028350830078125,11.345273971557617,20.194965362548828,0.8888888955116272,28.16452407836914,14.321064949035645,27.331195831298828,0.9611887335777283
19,159,20.731670379638672,11.114775657653809,19.89789581298828,0.8888888955116272,27.948448181152344,13.852252960205078,27.114831924438477,0.9279999732971191,21.544645309448242,12.357019424438477,20.7158203125,1.0,28.630542755126953,14.094602584838867,27.796855926513672,0.9298245906829834,,,,,,,,,,,,,,,,
20,167,,,,,,,,,,,,,,,,,24.09648895263672,12.673162460327148,23.263093948364258,0.9809069037437439,28.025127410888672,13.77072525024414,27.191757202148438,0.9556000232696533,21.872230529785156,11.172684669494629,21.038782119750977,0.875,28.488462448120117,13.914202690124512,27.655067443847656,0.9545353651046753
20,167,20.158166885375977,11.339837074279785,19.323095321655273,0.8888888955116272,27.80568504333496,13.631629943847656,26.97140121459961,0.9200000166893005,23.718278884887695,12.15412425994873,22.882598876953125,1.0,28.48114776611328,13.838482856750488,27.646947860717773,0.9210526347160339,,,,,,,,,,,,,,,,
21,175,,,,,,,,,,,,,,,,,24.546483993530273,12.512992858886719,23.71308708190918,0.9809069037437439,27.944339752197266,13.462804794311523,27.11096954345703,0.9509999752044678,22.088096618652344,11.054069519042969,21.25458335876465,0.8888888955116272,28.353605270385742,13.589526176452637,27.520235061645508,0.9492126703262329
21,175,21.282644271850586,11.033183097839355,20.449886322021484,1.0,28.31015396118164,13.318338394165039,27.47675132751465,0.9279999732971191,25.001041412353516,12.18130874633789,24.1586971282959,1.0,28.92301368713379,13.518693923950195,28.08971405029297,0.9210526347160339,,,,,,,,,,,,,,,,
22,183,,,,,,,,,,,,,,,,,24.407466888427734,12.440741539001465,23.57411003112793,0.9689737558364868,27.84086799621582,13.27784538269043,27.00752830505371,0.9455999732017517,21.956819534301758,11.00729751586914,21.12334442138672,0.9166666865348816,28.25386619567871,13.391889572143555,27.4205265045166,0.9438899755477905
22,183,20.007585525512695,10.884309768676758,19.17160987854004,0.8888888955116272,27.087215423583984,13.282772064208984,26.25365447998047,0.9440000057220459,22.582088470458984,12.044039726257324,21.74416732788086,1.0,27.725170135498047,13.493858337402344,26.891878128051758,0.9473684430122375,,,,,,,,,,,,,,,,
23,191,,,,,,,,,,,,,,,,,23.160947799682617,12.631706237792969,22.327667236328125,0.964200496673584,26.9432373046875,13.62102222442627,26.109952926635742,0.9552000164985657,20.516090393066406,10.860184669494629,19.682659149169922,0.8888888955116272,27.39733123779297,13.757037162780762,26.564043045043945,0.9554224610328674
23,191,20.606801986694336,10.713851928710938,19.767986297607422,0.8888888955116272,27.67954444885254,12.938650131225586,26.845823287963867,0.9599999785423279,27.697559356689453,12.767335891723633,26.87310791015625,1.0,28.23760223388672,13.117298126220703,27.404123306274414,0.9649122953414917,,,,,,,,,,,,,,,,
24,199,,,,,,,,,,,,,,,,,23.146516799926758,12.52463436126709,22.313434600830078,0.957040548324585,26.646371841430664,13.23192310333252,25.81313133239746,0.9459999799728394,20.087358474731445,10.524208068847656,19.254077911376953,0.9027777910232544,27.076324462890625,13.340879440307617,26.24307632446289,0.9456642270088196
24,199,21.38592529296875,10.543985366821289,20.55609130859375,1.0,27.308212280273438,12.837021827697754,26.474475860595703,0.9520000219345093,23.115276336669922,11.489118576049805,22.275917053222656,1.0,27.84932518005371,13.04169750213623,27.015380859375,0.9473684430122375,,,,,,,,,,,,,,,,
25,207,,,,,,,,,,,,,,,,,22.782291412353516,12.418012619018555,21.949546813964844,0.9474940299987793,26.39899444580078,12.918414115905762,25.565937042236328,0.9459999799728394,19.207077026367188,10.493556022644043,18.374048233032227,0.875,26.849912643432617,13.003636360168457,26.016830444335938,0.9469949007034302
25,207,19.41438102722168,10.469966888427734,18.580400466918945,0.7777777910232544,26.48750114440918,12.760838508605957,25.653385162353516,0.9200000166893005,19.240310668945312,11.528188705444336,18.408193588256836,1.0,27.17304801940918,12.963321685791016,26.33888816833496,0.9298245906829834,,,,,,,,,,,,,,,,
26,215,,,,,,,,,,,,,,,,,23.88804054260254,11.040740966796875,23.055830001831055,0.9427207708358765,27.175434112548828,12.00666618347168,26.34283447265625,0.9215999841690063,21.556201934814453,10.02114486694336,20.723873138427734,0.9027777910232544,27.570653915405273,12.128130912780762,26.73799705505371,0.9199379086494446
26,215,18.49773406982422,11.340450286865234,17.665666580200195,1.0,25.05690574645996,12.801679611206055,24.224504470825195,0.9279999732971191,14.447243690490723,12.103704452514648,13.619949340820312,1.0,25.760868072509766,12.929285049438477,24.9283504486084,0.9210526347160339,,,,,,,,,,,,,,,,
27,223,,,,,,,,,,,,,,,,,22.412050247192383,10.222235679626465,21.58009147644043,0.9260143041610718,25.613069534301758,11.304652214050293,24.78084373474121,0.9118000268936157,19.13580322265625,9.278936386108398,18.30378532409668,0.8611111044883728,26.013944625854492,11.437581062316895,25.181703567504883,0.9112885594367981
27,223,18.72795295715332,9.352763175964355,17.89427375793457,0.8888888955116272,25.26647186279297,11.425865173339844,24.432960510253906,0.9359999895095825,17.548425674438477,8.435428619384766,16.711956024169922,1.0,25.918075561523438,11.641995429992676,25.08462905883789,0.9385964870452881,,,,,,,,,,,,,,,,
28,231,,,,,,,,,,,,,,,,,20.23248291015625,10.281201362609863,19.400419235229492,0.9451074004173279,24.618478775024414,11.224733352661133,23.786104202270508,0.9377999901771545,15.909191131591797,7.864010334014893,15.077075958251953,0.8055555820465088,25.16510772705078,11.366076469421387,24.332731246948242,0.9392326474189758
28,231,18.4615421295166,9.01309871673584,17.63197135925293,1.0,24.898765563964844,11.152615547180176,24.066974639892578,0.9039999842643738,22.010372161865234,11.31920051574707,21.175479888916016,1.0,25.457639694213867,11.318601608276367,24.625730514526367,0.8947368264198303,,,,,,,,,,,,,,,,
29,239,,,,,,,,,,,,,,,,,19.265647888183594,9.36572551727295,18.43355941772461,0.921241044998169,23.827892303466797,10.375893592834473,22.995540618896484,0.9340000152587891,14.97126579284668,7.267278671264648,14.139033317565918,0.8333333134651184,24.39326286315918,10.519403457641602,23.560884475708008,0.9367930889129639
29,239,17.702850341796875,7.788119792938232,16.87257194519043,0.8888888955116272,23.84930419921875,10.319585800170898,23.016767501831055,0.9440000057220459,14.27520751953125,7.6553473472595215,13.449437141418457,1.0,24.50251579284668,10.566180229187012,23.669689178466797,0.9473684430122375,,,,,,,,,,,,,,,,
30,247,,,,,,,,,,,,,,,,,19.221893310546875,8.529400825500488,18.39009666442871,0.9021479487419128,22.795551300048828,10.108641624450684,21.963510513305664,0.8672000169754028,15.000154495239258,7.802468299865723,14.168132781982422,0.75,23.25209617614746,10.292214393615723,22.420047760009766,0.8658239245414734
30,247,16.554014205932617,6.9589972496032715,15.726285934448242,0.8888888955116272,23.073928833007812,9.907567977905273,22.241079330444336,0.8640000224113464,8.854448318481445,5.48258638381958,8.024394035339355,1.0,23.83812141418457,10.217982292175293,23.004823684692383,0.859649121761322,,,,,,,,,,,,,,,,
31,255,,,,,,,,,,,,,,,,,18.90472984313965,8.374136924743652,18.072872161865234,0.8997613191604614,22.306419372558594,9.539305686950684,21.474288940429688,0.8853999972343445,14.43240737915039,7.225968360900879,13.60031509399414,0.7361111044883728,22.748252868652344,9.684517860412598,21.916095733642578,0.8864493370056152
31,255,15.144675254821777,6.514301776885986,14.30783462524414,0.8888888955116272,22.36722183227539,9.251049995422363,21.534120559692383,0.9039999842643738,9.785594940185547,4.167370319366455,8.94143295288086,1.0,23.158153533935547,9.556297302246094,22.32554054260254,0.9035087823867798,,,,,,,,,,,,,,,,
32,263,,,,,,,,,,,,,,,,,17.891014099121094,7.9995808601379395,17.059131622314453,0.8997613191604614,22.320037841796875,9.089217185974121,21.487871170043945,0.9071999788284302,13.906227111816406,6.454020977020264,13.074075698852539,0.7361111044883728,22.86594581604004,9.232549667358398,22.033777236938477,0.9106231927871704
32,263,14.218219757080078,5.765128135681152,13.388070106506348,0.8888888955116272,22.27311134338379,8.85324478149414,21.441097259521484,0.8799999952316284,9.363283157348633,5.422405242919922,8.522857666015625,1.0,23.135513305664062,9.157234191894531,22.303499221801758,0.8771929740905762,,,,,,,,,,,,,,,,
33,271,,,,,,,,,,,,,,,,,17.708715438842773,7.523509979248047,16.87681007385254,0.9021479487419128,21.796184539794922,9.045276641845703,20.964115142822266,0.8809999823570251,13.96776008605957,6.696425914764404,13.135623931884766,0.7638888955116272,22.301029205322266,9.224194526672363,21.468931198120117,0.8809048533439636
33,271,13.800934791564941,5.690333843231201,12.967483520507812,0.7777777910232544,22.403596878051758,8.968862533569336,21.570890426635742,0.8880000114440918,8.26655387878418,4.139066696166992,7.4337158203125,1.0,23.330774307250977,9.312427520751953,22.49812889099121,0.8947368264198303,,,,,,,,,,,,,,,,
34,279,,,,,,,,,,,,,,,,,17.142009735107422,7.402885437011719,16.310131072998047,0.8878281712532043,21.375669479370117,8.873215675354004,20.543594360351562,0.8826000094413757,13.612384796142578,6.596619606018066,12.780291557312012,0.75,21.893049240112305,9.046198844909668,21.060956954956055,0.8842315077781677
34,279,13.322505950927734,5.162683486938477,12.485965728759766,0.7777777910232544,21.44208526611328,8.270044326782227,20.60866355895996,0.8560000061988831,7.709628105163574,3.548215627670288,6.872544288635254,1.0,22.324024200439453,8.598201751708984,21.49091339111328,0.859649121761322,,,,,,,,,,,,,,,,
35,287,,,,,,,,,,,,,,,,,16.72748565673828,6.919612884521484,15.89559268951416,0.8782815933227539,21.068349838256836,8.443692207336426,20.236249923706055,0.8772000074386597,13.296751022338867,6.141132831573486,12.464579582214355,0.8194444179534912,21.595821380615234,8.622085571289062,20.763704299926758,0.8780217170715332
35,287,13.380829811096191,4.899867534637451,12.55028247833252,0.8888888955116272,21.230024337768555,7.99497127532959,20.397232055664062,0.8640000224113464,7.711330413818359,3.6381399631500244,6.878726482391357,1.0,22.086868286132812,8.315757751464844,21.25389289855957,0.859649121761322,,,,,,,,,,,,,,,,
36,295,,,,,,,,,,,,,,,,,16.253686904907227,6.674671173095703,15.42177963256836,0.8878281712532043,20.77216339111328,8.09737491607666,19.94005584716797,0.8841999769210815,12.717106819152832,5.682316303253174,11.884921073913574,0.7638888955116272,21.320680618286133,8.268141746520996,20.48854637145996,0.8857839703559875
36,295,12.033061981201172,4.695085525512695,11.201889038085938,0.7777777910232544,20.8519344329834,7.86612606048584,20.019601821899414,0.8799999952316284,10.27997875213623,5.179121971130371,9.462379455566406,1.0,21.733631134033203,8.16361141204834,20.900951385498047,0.8859649300575256,,,,,,,,,,,,,,,,
37,303,,,,,,,,,,,,,,,,,15.896221160888672,6.983390808105469,15.064299583435059,0.8782815933227539,20.492599487304688,8.009262084960938,19.660444259643555,0.8881999850273132,12.16745376586914,5.653415679931641,11.335293769836426,0.7083333134651184,21.05265998840332,8.142210960388184,20.22047996520996,0.8919937610626221
37,303,13.17842960357666,4.952907085418701,12.344038009643555,0.8888888955116272,20.691816329956055,7.798301696777344,19.860254287719727,0.871999979019165,8.09463119506836,3.9148879051208496,7.265789031982422,1.0,21.505983352661133,8.091070175170898,20.674596786499023,0.8684210777282715,,,,,,,,,,,,,,,,
38,311,,,,,,,,,,,,,,,,,15.62770938873291,6.439910888671875,14.795812606811523,0.8329355716705322,20.296875,8.132441520690918,19.46484375,0.8622000217437744,12.681529998779297,5.967654705047607,11.84936809539795,0.7638888955116272,20.85236358642578,8.324289321899414,20.020322799682617,0.8664892315864563
38,311,11.690850257873535,5.0137529373168945,10.854730606079102,0.6666666865348816,20.50880241394043,7.963436126708984,19.674680709838867,0.871999979019165,5.836643218994141,3.6973717212677,4.999190807342529,1.0,21.462364196777344,8.271147727966309,20.628459930419922,0.8859649300575256,,,,,,,,,,,,,,,,
39,319,,,,,,,,,,,,,,,,,15.8036527633667,7.015809535980225,14.971932411193848,0.8400954604148865,20.250938415527344,8.66584300994873,19.41898536682129,0.849399983882904,12.93514633178711,6.557880401611328,12.10299015045166,0.75,20.781015396118164,8.85283088684082,19.949052810668945,0.8518518805503845
39,319,11.581295013427734,5.037379264831543,10.752612113952637,0.7777777910232544,19.951461791992188,7.528446674346924,19.11940574645996,0.8560000061988831,6.280011177062988,3.42476224899292,5.452882766723633,1.0,20.852113723754883,7.797104358673096,20.01970672607422,0.859649121761322,,,,,,,,,,,,,,,,
40,327,,,,,,,,,,,,,,,,,15.275736808776855,6.158561706542969,14.443867683410645,0.8591885566711426,19.93464469909668,7.690946102142334,19.102556228637695,0.8790000081062317,12.027002334594727,5.30248498916626,11.194931030273438,0.7222222089767456,20.493844985961914,7.871485233306885,19.661731719970703,0.8833444118499756
40,327,12.69088077545166,4.460531234741211,11.861565589904785,1.0,19.993316650390625,7.408375263214111,19.160358428955078,0.871999979019165,7.722742080688477,4.77132511138916,6.893422603607178,1.0,20.785097122192383,7.68736457824707,19.9517879486084,0.859649121761322,,,,,,,,,,,,,,,,
41,335,,,,,,,,,,,,,,,,,15.116715431213379,6.039041519165039,14.284839630126953,0.8568019270896912,19.74419593811035,7.658057689666748,18.912118911743164,0.8694000244140625,12.074772834777832,5.438279628753662,11.242664337158203,0.7777777910232544,20.296676635742188,7.843951225280762,19.464570999145508,0.8720337152481079
41,335,11.260988235473633,3.812605142593384,10.43140983581543,0.7777777910232544,19.775415420532227,7.139379024505615,18.943254470825195,0.8799999952316284,6.541095733642578,3.812331199645996,5.715010643005371,1.0,20.67978858947754,7.460387706756592,19.847314834594727,0.8859649300575256,,,,,,,,,,,,,,,,
42,343,,,,,,,,,,,,,,,,,15.062990188598633,6.246374130249023,14.231194496154785,0.8424820899963379,19.6768798828125,7.861647605895996,18.8448429107666,0.8644000291824341,12.254490852355957,5.6803765296936035,11.422350883483887,0.7916666865348816,20.224145889282227,8.046577453613281,19.392086029052734,0.8675981163978577
42,343,10.72697639465332,4.1914849281311035,9.895475387573242,0.6666666865348816,19.401485443115234,7.004358291625977,18.569957733154297,0.8320000171661377,5.109033584594727,2.5675740242004395,4.286745548248291,1.0,20.33705711364746,7.30426549911499,19.505367279052734,0.8421052694320679,,,,,,,,,,,,,,,,
43,351,,,,,,,,,,,,,,,,,14.969762802124023,6.253821849822998,14.137879371643066,0.8329355716705322,19.497901916503906,7.776129722595215,18.665817260742188,0.8574000000953674,12.145214080810547,5.7092132568359375,11.313018798828125,0.7638888955116272,20.036094665527344,7.950594425201416,19.203983306884766,0.8611665368080139
43,351,10.908650398254395,4.156105041503906,10.075294494628906,0.7777777910232544,19.34756851196289,6.890815258026123,18.515710830688477,0.8799999952316284,4.83162784576416,2.8599603176116943,4.01666784286499,1.0,20.268463134765625,7.177430629730225,19.436429977416992,0.8859649300575256,,,,,,,,,,,,,,,,
44,359,,,,,,,,,,,,,,,,,14.889595985412598,6.105722904205322,14.057744979858398,0.8424820899963379,19.379589080810547,7.638309955596924,18.547504425048828,0.8600000143051147,11.930876731872559,5.457496166229248,11.098743438720703,0.7638888955116272,19.915775299072266,7.815549373626709,19.08365821838379,0.8631625771522522
44,359,11.292210578918457,4.14042854309082,10.460814476013184,0.8888888955116272,19.341720581054688,6.87540864944458,18.50840950012207,0.8399999737739563,4.045135974884033,3.039006233215332,3.2207109928131104,0.5,20.24557113647461,7.158633708953857,19.411951065063477,0.8421052694320679,,,,,,,,,,,,,,,,
45,367,,,,,,,,,,,,,,,,,14.526291847229004,5.785374641418457,13.694365501403809,0.8711217045783997,19.232343673706055,7.372546195983887,18.400251388549805,0.8763999938964844,11.546902656555176,5.115259170532227,10.714776039123535,0.7777777910232544,19.792383193969727,7.556078910827637,18.96026611328125,0.8784652948379517
45,367,10.878379821777344,3.7082464694976807,10.047855377197266,0.8888888955116272,19.219987869262695,6.817074298858643,18.388826370239258,0.871999979019165,6.247669219970703,4.163205146789551,5.425448894500732,1.0,20.106121063232422,7.109066486358643,19.274751663208008,0.8684210777282715,,,,,,,,,,,,,,,,
46,375,,,,,,,,,,,,,,,,,14.44361686706543,5.8083672523498535,13.611791610717773,0.8448687195777893,19.115942001342773,7.6072821617126465,18.28389549255371,0.8615999817848206,11.78320598602295,5.393391132354736,10.950982093811035,0.7916666865348816,19.667205810546875,7.809795379638672,18.83515167236328,0.8642714619636536
46,375,9.964701652526855,4.773835182189941,9.129192352294922,0.6666666865348816,18.85073471069336,6.7787275314331055,18.017242431640625,0.8479999899864197,3.9321014881134033,2.6652815341949463,3.0942471027374268,0.5,19.813993453979492,7.009174346923828,18.980735778808594,0.8684210777282715,,,,,,,,,,,,,,,,
47,383,,,,,,,,,,,,,,,,,14.363527297973633,5.861494541168213,13.531669616699219,0.8353222012519836,19.000469207763672,7.606118202209473,18.16840934753418,0.8543999791145325,11.764571189880371,5.505190849304199,10.932357788085938,0.7638888955116272,19.54689598083496,7.801785469055176,18.714820861816406,0.8576180934906006
47,383,10.165810585021973,3.968784809112549,9.337834358215332,0.7777777910232544,18.732723236083984,6.6088080406188965,17.89977264404297,0.8560000061988831,3.4330620765686035,2.5916924476623535,2.590054512023926,0.5,19.677473068237305,6.887707233428955,18.84430694580078,0.8684210777282715,,,,,,,,,,,,,,,,
48,391,,,,,,,,,,,,,,,,,14.253950119018555,5.6241326332092285,13.422013282775879,0.8663484454154968,18.923410415649414,7.168379783630371,18.091262817382812,0.8740000128746033,11.435188293457031,4.990826606750488,10.603129386901855,0.7916666865348816,19.476886749267578,7.346648693084717,18.64472007751465,0.8760257363319397
48,391,10.273353576660156,3.58609676361084,9.443137168884277,0.8888888955116272,18.664533615112305,6.631794452667236,17.83184242248535,0.8640000224113464,4.539519309997559,3.5864880084991455,3.7118031978607178,1.0,19.574804306030273,6.925670623779297,18.741825103759766,0.859649121761322,,,,,,,,,,,,,,,,
49,399,,,,,,,,,,,,,,,,,14.069095611572266,5.537783145904541,13.237080574035645,0.8544152975082397,18.798316955566406,7.114913463592529,17.966188430786133,0.8740000128746033,11.195419311523438,5.008211135864258,10.363290786743164,0.7916666865348816,19.35918426513672,7.295106887817383,18.52703857421875,0.8771346211433411
49,399,9.821675300598145,3.4700140953063965,8.988296508789062,0.6666666865348816,18.639699935913086,6.492857456207275,17.80754852294922,0.8560000061988831,4.2944865226745605,2.6361842155456543,3.4578697681427,0.5,19.587528228759766,6.799164295196533,18.755552291870117,0.8771929740905762,,,,,,,,,,,,,,,,
50,407,,,,,,,,,,,,,,,,,14.086216926574707,5.595137119293213,13.254368782043457,0.8496419787406921,18.819250106811523,7.388107776641846,17.987207412719727,0.8596000075340271,11.561534881591797,5.232595920562744,10.72936725616455,0.8055555820465088,19.374958038330078,7.589141368865967,18.54290771484375,0.8613883256912231
50,407,10.327360153198242,3.9515109062194824,9.495381355285645,0.7777777910232544,18.507266998291016,6.445945739746094,17.675857543945312,0.8560000061988831,3.98909592628479,2.942147731781006,3.1614809036254883,0.5,19.407752990722656,6.704345703125,18.576324462890625,0.8684210777282715,,,,,,,,,,,,,,,,
51,415,,,,,,,,,,,,,,,,,14.038137435913086,5.552597522735596,13.20621109008789,0.8520286679267883,18.658172607421875,7.179645538330078,17.826045989990234,0.8633999824523926,11.268270492553711,5.0420331954956055,10.436131477355957,0.8055555820465088,19.20549774169922,7.364972114562988,18.373355865478516,0.8653803467750549
51,415,9.718656539916992,3.481334686279297,8.890313148498535,0.6666666865348816,18.42544174194336,6.416506767272949,17.593862533569336,0.8560000061988831,3.6241211891174316,3.549405097961426,2.800859212875366,0.5,19.37249183654785,6.698531150817871,18.540512084960938,0.8771929740905762,,,,,,,,,,,,,,,,
52,423,,,,,,,,,,,,,,,,,13.91829776763916,5.468639850616455,13.086315155029297,0.8472553491592407,18.59317970275879,7.094518661499023,17.761032104492188,0.8709999918937683,11.158523559570312,4.9524922370910645,10.32628059387207,0.8055555820465088,19.146318435668945,7.279806613922119,18.314149856567383,0.8742514848709106
52,423,9.435503005981445,3.15096378326416,8.604602813720703,0.6666666865348816,18.239017486572266,6.3638834953308105,17.406850814819336,0.8479999899864197,3.754206418991089,3.6721198558807373,2.919464349746704,0.5,19.18815040588379,6.664759159088135,18.355932235717773,0.8684210777282715,,,,,,,,,,,,,,,,
53,431,,,,,,,,,,,,,,,,,13.905741691589355,5.5338311195373535,13.073834419250488,0.8377088308334351,18.614179611206055,7.211363315582275,17.78206443786621,0.8578000068664551,11.238327026367188,5.043180465698242,10.406189918518066,0.7777777910232544,19.16949462890625,7.401875019073486,18.33736228942871,0.8609447479248047
53,431,9.414467811584473,3.5963728427886963,8.583948135375977,0.6666666865348816,18.14354705810547,6.278133869171143,17.310888290405273,0.8159999847412109,3.452270984649658,2.188136100769043,2.631861686706543,0.5,19.090425491333008,6.561605930328369,18.257387161254883,0.8333333134651184,,,,,,,,,,,,,,,,
54,439,,,,,,,,,,,,,,,,,13.930458068847656,5.592098236083984,13.098588943481445,0.8400954604148865,18.59707260131836,7.236989974975586,17.76498031616211,0.8564000129699707,11.279010772705078,5.0916666984558105,10.446948051452637,0.7916666865348816,19.1475772857666,7.424097061157227,18.315462112426758,0.8589487671852112
54,439,9.532184600830078,3.4990055561065674,8.703028678894043,0.8888888955116272,18.327674865722656,6.293641567230225,17.496213912963867,0.8560000061988831,3.6097888946533203,3.2173640727996826,2.7873952388763428,0.5,19.2802677154541,6.568240642547607,18.44846534729004,0.859649121761322,,,,,,,,,,,,,,,,
55,447,,,,,,,,,,,,,,,,,13.856423377990723,5.489556789398193,13.024478912353516,0.8400954604148865,18.523576736450195,7.122868061065674,17.691455841064453,0.8605999946594238,11.29995059967041,5.073215484619141,10.467756271362305,0.8055555820465088,19.072629928588867,7.307371139526367,18.240489959716797,0.8633843660354614
55,447,9.253032684326172,3.2486042976379395,8.419666290283203,0.7777777910232544,18.137235641479492,6.232038974761963,17.304624557495117,0.871999979019165,4.014621257781982,4.41170597076416,3.1916873455047607,0.5,19.086387634277344,6.499509811401367,18.253664016723633,0.8859649300575256,,,,,,,,,,,,,,,,
56,455,,,,,,,,,,,,,,,,,13.900753021240234,5.640898704528809,13.068879127502441,0.8472553491592407,18.498332977294922,7.19789981842041,17.666227340698242,0.8569999933242798,11.368099212646484,5.163421630859375,10.535972595214844,0.7638888955116272,19.039411544799805,7.375072002410889,18.207292556762695,0.8593923449516296
56,455,9.015532493591309,3.3965249061584473,8.181426048278809,0.5555555820465088,18.158369064331055,6.212653636932373,17.325542449951172,0.8560000061988831,3.3024723529815674,2.8115434646606445,2.471552848815918,0.5,19.14080238342285,6.494647979736328,18.308040618896484,0.8859649300575256,,,,,,,,,,,,,,,,
57,463,,,,,,,,,,,,,,,,,13.737019538879395,5.468222618103027,12.905132293701172,0.8400954604148865,18.392759323120117,7.098940849304199,17.560680389404297,0.8550000190734863,11.196704864501953,5.022396087646484,10.364596366882324,0.7916666865348816,18.9403133392334,7.283633232116699,18.10820960998535,0.8573963046073914
57,463,9.441547393798828,3.2034013271331787,8.611328125,0.7777777910232544,18.090774536132812,6.204314708709717,17.258623123168945,0.8320000171661377,3.393890380859375,2.539010524749756,2.558387279510498,0.5,19.03144645690918,6.505532741546631,18.199203491210938,0.8421052694320679,,,,,,,,,,,,,,,,
58,471,,,,,,,,,,,,,,,,,13.636378288269043,5.3968634605407715,12.804428100585938,0.825775682926178,18.275104522705078,6.9831719398498535,17.442991256713867,0.857200026512146,11.037407875061035,4.966795444488525,10.205266952514648,0.7777777910232544,18.82173728942871,7.162778377532959,17.989599227905273,0.8613883256912231
58,471,9.424567222595215,3.3264214992523193,8.592059135437012,0.8888888955116272,18.028440475463867,6.122056484222412,17.195695877075195,0.8799999952316284,3.2343831062316895,2.782097578048706,2.409825325012207,0.5,18.967239379882812,6.401360034942627,18.13433265686035,0.8859649300575256,,,,,,,,,,,,,,,,
59,479,,,,,,,,,,,,,,,,,13.584981918334961,5.39523458480835,12.753013610839844,0.8233889937400818,18.239391326904297,6.965860366821289,17.40726089477539,0.8533999919891357,11.058238983154297,5.006198406219482,10.226020812988281,0.7777777910232544,18.786563873291016,7.143103122711182,17.954425811767578,0.8573963046073914
59,479,9.412260055541992,3.0717649459838867,8.583765983581543,0.7777777910232544,17.956926345825195,6.126465797424316,17.124814987182617,0.8799999952316284,3.6395421028137207,2.426553249359131,2.8015663623809814,0.5,18.882686614990234,6.432537078857422,18.050395965576172,0.8947368264198303,,,,,,,,,,,,,,,,
60,487,,,,,,,,,,,,,,,,,13.704763412475586,5.647668361663818,12.87293529510498,0.7995226979255676,18.247156143188477,7.137163162231445,17.41506576538086,0.8489999771118164,11.242722511291504,5.258821487426758,10.410633087158203,0.7361111044883728,18.781105041503906,7.30557107925415,17.948991775512695,0.8554003238677979
60,487,9.000619888305664,3.4172723293304443,8.168872833251953,0.7777777910232544,17.72240447998047,6.107161521911621,16.88949966430664,0.8560000061988831,4.515420913696289,2.1690051555633545,3.6885244846343994,1.0,18.642667770385742,6.388611793518066,17.809566497802734,0.859649121761322,,,,,,,,,,,,,,,,
61,495,,,,,,,,,,,,,,,,,13.579415321350098,5.413610935211182,12.747421264648438,0.8448687195777893,18.123851776123047,6.888801574707031,17.291677474975586,0.8610000014305115,10.97285270690918,4.915568828582764,10.140637397766113,0.7777777910232544,18.66033172607422,7.057396411895752,17.828144073486328,0.8638278841972351
61,495,9.367259979248047,3.269827127456665,8.535003662109375,0.8888888955116272,17.880626678466797,6.139749050140381,17.0489559173584,0.8560000061988831,5.105663299560547,3.5706701278686523,4.278142929077148,1.0,18.776857376098633,6.411393165588379,17.945158004760742,0.8508771657943726,,,,,,,,,,,,,,,,
62,503,,,,,,,,,,,,,,,,,13.540916442871094,5.443071365356445,12.709041595458984,0.825775682926178,18.117189407348633,7.008184432983398,17.28506851196289,0.8479999899864197,11.060601234436035,5.064244747161865,10.228473663330078,0.75,18.655122756958008,7.184664726257324,17.822978973388672,0.8516300916671753
62,503,8.840155601501465,3.1645941734313965,8.014899253845215,0.7777777910232544,17.70526885986328,6.0188822746276855,16.873044967651367,0.8640000224113464,4.059831142425537,2.0575523376464844,3.222348690032959,0.5,18.644542694091797,6.313717842102051,17.811859130859375,0.8771929740905762,,,,,,,,,,,,,,,,
63,511,,,,,,,,,,,,,,,,,13.507881164550781,5.410986423492432,12.675949096679688,0.825775682926178,18.0567684173584,6.9659953117370605,17.224620819091797,0.8555999994277954,10.965906143188477,5.047654628753662,10.133785247802734,0.7638888955116272,18.59270477294922,7.1411237716674805,17.760543823242188,0.8598358631134033
63,511,8.908382415771484,3.164006471633911,8.07634449005127,0.8888888955116272,17.665416717529297,6.030398368835449,16.831918716430664,0.8479999899864197,3.7226359844207764,2.7278733253479004,2.88497257232666,0.5,18.60137176513672,6.314631462097168,17.76782989501953,0.8508771657943726,,,,,,,,,,,,,,,,
64,519,,,,,,,,,,,,,,,,,13.49002456665039,5.394324779510498,12.658123970031738,0.8281623125076294,18.05118179321289,6.966587543487549,17.219053268432617,0.8510000109672546,11.100506782531738,5.059213638305664,10.268407821655273,0.7777777910232544,18.58600425720215,7.14314603805542,17.75385284423828,0.8542914390563965
64,519,9.22249698638916,3.1251161098480225,8.390453338623047,0.8888888955116272,17.632217407226562,6.0642619132995605,16.80145263671875,0.8479999899864197,4.5871734619140625,3.46756649017334,3.755962371826172,1.0,18.52500343322754,6.341855049133301,17.694347381591797,0.8421052694320679,,,,,,,,,,,,,,,,
65,527,,,,,,,,,,,,,,,,,13.387616157531738,5.331472396850586,12.5555419921875,0.8424820899963379,17.931840896606445,6.770952224731445,17.099639892578125,0.859000027179718,10.92724895477295,4.885549068450928,10.094964981079102,0.7222222089767456,18.465961456298828,6.93482780456543,17.633752822875977,0.8627189993858337
65,527,9.001253128051758,2.974717140197754,8.169917106628418,0.7777777910232544,17.51486587524414,5.8912506103515625,16.682397842407227,0.8240000009536743,3.871947765350342,2.5603396892547607,3.0448110103607178,0.5,18.426342010498047,6.179940700531006,17.593692779541016,0.8333333134651184,,,,,,,,,,,,,,,,
66,535,,,,,,,,,,,,,,,,,13.4834566116333,5.594674587249756,12.651601791381836,0.79474937915802,17.941402435302734,6.9684157371521,17.1092586517334,0.847599983215332,11.06273365020752,5.081806182861328,10.230719566345215,0.7916666865348816,18.46549415588379,7.126197814941406,17.633325576782227,0.8534042835235596
66,535,8.703608512878418,3.02789568901062,7.871744155883789,0.7777777910232544,17.60603904724121,5.936556339263916,16.77357292175293,0.8560000061988831,3.8745908737182617,2.6502182483673096,3.0415942668914795,0.5,18.549766540527344,6.223842144012451,17.717260360717773,0.8684210777282715,,,,,,,,,,,,,,,,
67,543,,,,,,,,,,,,,,,,,13.323667526245117,5.321640491485596,12.491710662841797,0.8210023641586304,17.873746871948242,6.853554725646973,17.041587829589844,0.8546000123023987,10.821449279785156,4.949400424957275,9.989227294921875,0.75,18.40917205810547,7.0263142585754395,17.577003479003906,0.8593923449516296
67,543,9.406726837158203,3.4536378383636475,8.575037956237793,0.8888888955116272,17.465173721313477,5.90328311920166,16.63327407836914,0.8320000171661377,3.5612969398498535,2.6638994216918945,2.731025218963623,0.5,18.345294952392578,6.153507232666016,17.513349533081055,0.8333333134651184,,,,,,,,,,,,,,,,
68,551,,,,,,,,,,,,,,,,,13.223519325256348,5.295678615570068,12.391511917114258,0.8400954604148865,17.86724853515625,6.799458026885986,17.035106658935547,0.8565999865531921,10.709310531616211,4.856227397918701,9.877087593078613,0.7916666865348816,18.413055419921875,6.9702277183532715,17.580913543701172,0.8591705560684204
68,551,8.601486206054688,3.0269856452941895,7.772575378417969,0.7777777910232544,17.44445037841797,5.836965560913086,16.611963272094727,0.8399999737739563,5.534739971160889,2.5597524642944336,4.713860034942627,1.0,18.35152244567871,6.1163010597229,17.5185489654541,0.8421052694320679,,,,,,,,,,,,,,,,
69,559,,,,,,,,,,,,,,,,,13.256784439086914,5.308756351470947,12.424792289733887,0.8281623125076294,17.803342819213867,6.830206394195557,16.971214294433594,0.8515999913215637,10.875626564025879,4.9439167976379395,10.043570518493652,0.7777777910232544,18.336456298828125,7.001706600189209,17.504308700561523,0.8549567461013794
69,559,8.880375862121582,3.090944528579712,8.049415588378906,0.8888888955116272,17.352806091308594,5.843544960021973,16.521642684936523,0.8399999737739563,4.518390655517578,2.430644989013672,3.6939425468444824,1.0,18.24684715270996,6.120732307434082,17.415550231933594,0.8333333134651184,,,,,,,,,,,,,,,,
70,567,,,,,,,,,,,,,,,,,13.170976638793945,5.306838035583496,12.338966369628906,0.8210023641586304,17.721290588378906,6.859385967254639,16.88913917541504,0.8500000238418579,10.701512336730957,4.9209489822387695,9.869302749633789,0.7361111044883728,18.25621795654297,7.034608840942383,17.424055099487305,0.8545131683349609
70,567,8.404937744140625,2.9280831813812256,7.574350833892822,0.7777777910232544,17.174453735351562,5.735947608947754,16.34307289123535,0.8320000171661377,3.761435031890869,2.2520360946655273,2.9302854537963867,0.5,18.102100372314453,6.01874303817749,17.270654678344727,0.8421052694320679,,,,,,,,,,,,,,,,
71,575,,,,,,,,,,,,,,,,,13.139890670776367,5.28120231628418,12.307938575744629,0.8210023641586304,17.733121871948242,6.850718975067139,16.900999069213867,0.8489999771118164,10.696237564086914,4.920774936676025,9.86417007446289,0.7638888955116272,18.272310256958008,7.027388572692871,17.440176010131836,0.8529607653617859
71,575,8.137730598449707,2.786219358444214,7.306589603424072,0.8888888955116272,17.146085739135742,5.755127429962158,16.314289093017578,0.871999979019165,4.099630832672119,2.8477208614349365,3.272927761077881,0.5,18.086158752441406,6.04052209854126,17.25421905517578,0.8771929740905762,,,,,,,,,,,,,,,,
72,583,,,,,,,,,,,,,,,,,13.064640045166016,5.241858959197998,12.232635498046875,0.8353222012519836,17.660512924194336,6.744796276092529,16.82839012145996,0.8521999716758728,10.574084281921387,4.827755928039551,9.742022514343262,0.75,18.200748443603516,6.915069103240967,17.368608474731445,0.8554003238677979
72,583,8.246980667114258,2.9358646869659424,7.4160308837890625,0.8888888955116272,17.11455535888672,5.725249290466309,16.28269386291504,0.8399999737739563,4.267361640930176,2.395394802093506,3.440546989440918,1.0,18.040016174316406,6.003883361816406,17.20799446105957,0.8333333134651184,,,,,,,,,,,,,,,,
73,591,,,,,,,,,,,,,,,,,13.167983055114746,5.44890832901001,12.33608627319336,0.8090692162513733,17.613441467285156,6.878615856170654,16.781293869018555,0.8442000150680542,10.813962936401367,5.036477088928223,9.981823921203613,0.7638888955116272,18.135101318359375,7.0408854484558105,17.302934646606445,0.8487469553947449
73,591,8.46312141418457,3.1914749145507812,7.630971431732178,0.7777777910232544,17.13196563720703,5.7952752113342285,16.300350189208984,0.7919999957084656,5.542546272277832,2.089935064315796,4.7250542640686035,1.0,18.019670486450195,6.0658440589904785,17.18785285949707,0.7894737124443054,,,,,,,,,,,,,,,,
74,599,,,,,,,,,,,,,,,,,13.063362121582031,5.238667011260986,12.23139762878418,0.8233889937400818,17.647302627563477,6.757973670959473,16.815181732177734,0.847599983215332,10.77228832244873,4.939361572265625,9.940315246582031,0.7916666865348816,18.18304443359375,6.928194046020508,17.35091781616211,0.8507429361343384
74,599,8.92469596862793,2.894014596939087,8.092835426330566,0.6666666865348816,17.104738235473633,5.672441482543945,16.273193359375,0.8159999847412109,3.9988293647766113,2.640542984008789,3.1783533096313477,0.5,17.98046112060547,5.944981575012207,17.148746490478516,0.8333333134651184,,,,,,,,,,,,,,,,
75,607,,,,,,,,,,,,,,,,,12.988801002502441,5.230369567871094,12.156774520874023,0.8305489420890808,17.569082260131836,6.666074275970459,16.736900329589844,0.8515999913215637,10.647028923034668,4.841620922088623,9.814840316772461,0.7361111044883728,18.105239868164062,6.828619956970215,17.273040771484375,0.8554003238677979
75,607,7.713037967681885,2.841069221496582,6.883424758911133,0.6666666865348816,17.038278579711914,5.688780307769775,16.20563316345215,0.7919999957084656,4.395124435424805,3.989339828491211,3.55851149559021,0.5,17.996292114257812,5.943414688110352,17.163475036621094,0.8070175647735596,,,,,,,,,,,,,,,,
76,615,,,,,,,,,,,,,,,,,13.00774097442627,5.2272257804870605,12.175789833068848,0.8114558458328247,17.56715202331543,6.730964660644531,16.73501968383789,0.8503999710083008,10.67922592163086,4.90888786315918,9.84726333618164,0.75,18.10082244873047,6.8997931480407715,17.268672943115234,0.8556221127510071
76,615,7.6808929443359375,2.8585379123687744,6.852144718170166,0.6666666865348816,16.863754272460938,5.599385738372803,16.032756805419922,0.8159999847412109,4.767788410186768,2.7576704025268555,3.946540594100952,1.0,17.800922393798828,5.8656229972839355,16.969579696655273,0.8245614171028137,,,,,,,,,,,,,,,,
77,623,,,,,,,,,,,,,,,,,13.117973327636719,5.386852741241455,12.286055564880371,0.7995226979255676,17.51406478881836,6.747279644012451,16.681907653808594,0.8438000082969666,10.786174774169922,4.983846664428711,9.95413875579834,0.7638888955116272,18.030004501342773,6.901856899261475,17.19782829284668,0.8491905331611633
77,623,8.350916862487793,3.05391788482666,7.518037796020508,0.8888888955116272,17.022260665893555,5.616693019866943,16.190200805664062,0.8640000224113464,4.971845626831055,2.178110361099243,4.138392925262451,1.0,17.91824722290039,5.879342555999756,17.086278915405273,0.859649121761322,,,,,,,,,,,,,,,,
78,631,,,,,,,,,,,,,,,,,12.961495399475098,5.169687747955322,12.12947940826416,0.8305489420890808,17.46893882751465,6.57365608215332,16.636783599853516,0.8525999784469604,10.567610740661621,4.731714248657227,9.735541343688965,0.7638888955116272,17.997989654541016,6.733534336090088,17.165821075439453,0.8560656309127808
78,631,8.055397987365723,2.91646409034729,7.224912166595459,0.7777777910232544,16.94466209411621,5.601737976074219,16.112457275390625,0.8159999847412109,3.665626049041748,3.0620248317718506,2.836486577987671,0.5,17.879409790039062,5.8582892417907715,17.04701805114746,0.8245614171028137,,,,,,,,,,,,,,,,
79,639,,,,,,,,,,,,,,,,,12.955526351928711,5.207834720611572,12.123597145080566,0.8353222012519836,17.45833396911621,6.6901936531066895,16.62621307373047,0.8507999777793884,10.607036590576172,4.791364669799805,9.775032043457031,0.75,17.986162185668945,6.858261585235596,17.154027938842773,0.853847861289978
79,639,7.8637542724609375,2.683950662612915,7.033443927764893,0.7777777910232544,16.90923309326172,5.606874942779541,16.076583862304688,0.8399999737739563,4.763398170471191,2.236727714538574,3.934190511703491,1.0,17.83643341064453,5.896758079528809,17.0035400390625,0.8421052694320679,,,,,,,,,,,,,,,,
80,647,,,,,,,,,,,,,,,,,12.911758422851562,5.209390640258789,12.079815864562988,0.8138424754142761,17.40647315979004,6.674051761627197,16.574321746826172,0.8492000102996826,10.622353553771973,4.813178062438965,9.790149688720703,0.7916666865348816,17.93247413635254,6.839867115020752,17.100299835205078,0.8534042835235596
80,647,8.371065139770508,2.900585651397705,7.535460472106934,0.7777777910232544,16.69879150390625,5.5452961921691895,15.866096496582031,0.8159999847412109,4.49163818359375,1.9085242748260498,3.666692018508911,1.0,17.570404052734375,5.817892551422119,16.73780059814453,0.8157894611358643,,,,,,,,,,,,,,,,
81,655,,,,,,,,,,,,,,,,,12.840327262878418,5.100973606109619,12.008330345153809,0.8424820899963379,17.382007598876953,6.495591640472412,16.549842834472656,0.8564000129699707,10.50053596496582,4.6795268058776855,9.668428421020508,0.7638888955116272,17.91392707824707,6.65418815612793,17.08174705505371,0.8591705560684204
81,655,8.093596458435059,2.826310157775879,7.264416217803955,0.7777777910232544,16.783111572265625,5.520063877105713,15.950348854064941,0.8479999899864197,4.747505187988281,2.715102195739746,3.920571804046631,1.0,17.68027687072754,5.781938552856445,16.84712791442871,0.8508771657943726,,,,,,,,,,,,,,,,
82,663,,,,,,,,,,,,,,,,,12.870732307434082,5.126110076904297,12.03883171081543,0.8281623125076294,17.39189910888672,6.628108501434326,16.559789657592773,0.8429999947547913,10.680093765258789,4.799116611480713,9.848217964172363,0.7777777910232544,17.919198989868164,6.796886444091797,17.087074279785156,0.845420241355896
82,663,7.926393985748291,2.6365840435028076,7.0965256690979,0.7777777910232544,16.733556747436523,5.464493274688721,15.901662826538086,0.8399999737739563,4.240424633026123,2.448349714279175,3.4100589752197266,1.0,17.648035049438477,5.740663528442383,16.815954208374023,0.8421052694320679,,,,,,,,,,,,,,,,
83,671,,,,,,,,,,,,,,,,,12.859128952026367,5.206973075866699,12.027186393737793,0.8162291049957275,17.281047821044922,6.646276473999023,16.448898315429688,0.8406000137329102,10.64098072052002,4.862020492553711,9.808870315551758,0.7361111044883728,17.79798126220703,6.808515548706055,16.965808868408203,0.8445331454277039
83,671,8.127964973449707,2.9659440517425537,7.2962517738342285,0.7777777910232544,16.632532119750977,5.48278284072876,15.802546501159668,0.800000011920929,4.170587062835693,2.325071096420288,3.3413922786712646,0.5,17.52257537841797,5.736878871917725,16.69271469116211,0.8070175647735596,,,,,,,,,,,,,,,,
84,679,,,,,,,,,,,,,,,,,12.856562614440918,5.123019695281982,12.024578094482422,0.825775682926178,17.341733932495117,6.565279006958008,16.509592056274414,0.8465999960899353,10.552353858947754,4.743302345275879,9.72037124633789,0.7638888955116272,17.866931915283203,6.728393077850342,17.034772872924805,0.8498558402061462
84,679,7.996982097625732,2.755858898162842,7.171018600463867,0.7777777910232544,16.824962615966797,5.507023334503174,15.99235725402832,0.8320000171661377,5.559952259063721,2.701822280883789,4.733343124389648,1.0,17.719541549682617,5.773434638977051,16.886306762695312,0.8333333134651184,,,,,,,,,,,,,,,,
85,687,,,,,,,,,,,,,,,,,12.915045738220215,5.194667339324951,12.083149909973145,0.8090692162513733,17.32996940612793,6.5706305503845215,16.497838973999023,0.8474000096321106,10.569721221923828,4.810382843017578,9.737693786621094,0.7638888955116272,17.848167419433594,6.726602077484131,17.016019821166992,0.8522953987121582
85,687,7.802574157714844,2.7123184204101562,6.9720683097839355,0.7777777910232544,16.618030548095703,5.388766288757324,15.786443710327148,0.8159999847412109,3.7078261375427246,2.361670970916748,2.8758559226989746,0.5,17.540485382080078,5.653171539306641,16.708818435668945,0.8245614171028137,,,,,,,,,,,,,,,,
86,695,,,,,,,,,,,,,,,,,12.816118240356445,5.129546642303467,11.984121322631836,0.8090692162513733,17.18466567993164,6.419495105743408,16.35245704650879,0.8543999791145325,10.450045585632324,4.680344581604004,9.617966651916504,0.75,17.698144912719727,6.567133903503418,16.865922927856445,0.8602794408798218
86,695,7.82701301574707,2.6155309677124023,7.001547813415527,0.8888888955116272,16.658735275268555,5.331701755523682,15.826251029968262,0.8479999899864197,6.561924457550049,1.897916316986084,5.725342750549316,1.0,17.533113479614258,5.606377124786377,16.700145721435547,0.8421052694320679,,,,,,,,,,,,,,,,
87,703,,,,,,,,,,,,,,,,,12.784815788269043,5.120238304138184,11.952898979187012,0.8210023641586304,17.184293746948242,6.477910041809082,16.352128982543945,0.8471999764442444,10.55129337310791,4.7497358322143555,9.719298362731934,0.7777777910232544,17.69902992248535,6.6316657066345215,16.86684799194336,0.8507429361343384
87,703,7.930850505828857,3.0203633308410645,7.098761558532715,0.7777777910232544,16.527183532714844,5.390622615814209,15.695311546325684,0.8320000171661377,5.3405046463012695,2.1594676971435547,4.509195327758789,1.0,17.402099609375,5.634435176849365,16.570234298706055,0.8333333134651184,,,,,,,,,,,,,,,,
88,711,,,,,,,,,,,,,,,,,12.732927322387695,5.097878932952881,11.9010009765625,0.8329355716705322,17.2372989654541,6.537962913513184,16.405168533325195,0.8447999954223633,10.476758003234863,4.7228569984436035,9.644796371459961,0.7361111044883728,17.763816833496094,6.700765609741211,16.931678771972656,0.8476380705833435
88,711,8.326164245605469,2.7222697734832764,7.501086711883545,0.8888888955116272,16.53238296508789,5.341981410980225,15.700851440429688,0.8479999899864197,5.345412731170654,2.1393165588378906,4.520124912261963,1.0,17.37650489807129,5.6049885749816895,16.544353485107422,0.8421052694320679,,,,,,,,,,,,,,,,
89,719,,,,,,,,,,,,,,,,,12.757970809936523,5.151908874511719,11.926055908203125,0.8162291049957275,17.149629592895508,6.5467305183410645,16.31748390197754,0.8456000089645386,10.435675621032715,4.766147613525391,9.6036958694458,0.7361111044883728,17.664941787719727,6.704776287078857,16.832763671875,0.8500776290893555
89,719,7.940783977508545,2.7242376804351807,7.104921340942383,0.8888888955116272,16.587928771972656,5.312215805053711,15.7562837600708,0.8640000224113464,5.17280912399292,2.171478748321533,4.3491692543029785,1.0,17.470863342285156,5.571630477905273,16.639413833618164,0.859649121761322,,,,,,,,,,,,,,,,
90,727,,,,,,,,,,,,,,,,,12.658618927001953,5.1241583824157715,11.826582908630371,0.8281623125076294,17.220232009887695,6.440825462341309,16.38807487487793,0.8574000000953674,10.443859100341797,4.668487071990967,9.611815452575684,0.7638888955116272,17.752317428588867,6.591475486755371,16.92015838623047,0.8616101145744324
90,727,7.1739373207092285,2.4881482124328613,6.342498779296875,0.6666666865348816,16.350175857543945,5.2883076667785645,15.517200469970703,0.7839999794960022,4.129897594451904,2.772749900817871,3.30094051361084,0.5,17.28900718688965,5.5535054206848145,16.455839157104492,0.7982456088066101,,,,,,,,,,,,,,,,
91,735,,,,,,,,,,,,,,,,,12.743793487548828,5.099061012268066,11.911885261535645,0.8233889937400818,17.134632110595703,6.482609272003174,16.3024845123291,0.8503999710083008,10.454898834228516,4.734523773193359,9.622904777526855,0.75,17.649316787719727,6.639093399047852,16.817148208618164,0.8545131683349609
91,735,7.86373233795166,2.707747459411621,7.035729885101318,0.7777777910232544,16.444719314575195,5.292604923248291,15.613187789916992,0.8399999737739563,4.2755866050720215,2.1444404125213623,3.4429447650909424,0.5,17.335657119750977,5.551902770996094,16.503868103027344,0.8508771657943726,,,,,,,,,,,,,,,,
92,743,,,,,,,,,,,,,,,,,12.774126052856445,5.219235420227051,11.942193031311035,0.8114558458328247,17.105865478515625,6.600953102111816,16.27373695373535,0.8432000279426575,10.502643585205078,4.930609226226807,9.670658111572266,0.7361111044883728,17.613840103149414,6.756021499633789,16.78168487548828,0.8478598594665527
92,743,7.288933753967285,2.517131805419922,6.457361698150635,0.7777777910232544,16.32285499572754,5.235754013061523,15.491874694824219,0.8159999847412109,5.0503950119018555,2.6012649536132812,4.222419738769531,1.0,17.23381996154785,5.496601104736328,16.402835845947266,0.8157894611358643,,,,,,,,,,,,,,,,
93,751,,,,,,,,,,,,,,,,,12.490355491638184,5.030439376831055,11.658278465270996,0.8281623125076294,17.015403747558594,6.316195487976074,16.18317985534668,0.8615999817848206,10.3626708984375,4.628035545349121,9.530548095703125,0.7638888955116272,17.542131423950195,6.462632656097412,16.709890365600586,0.8662674427032471
93,751,7.536436080932617,2.943227767944336,6.70207405090332,0.7777777910232544,16.378887176513672,5.398581504821777,15.5470609664917,0.8399999737739563,4.389791488647461,2.9611549377441406,3.5700936317443848,1.0,17.287309646606445,5.635187149047852,16.455472946166992,0.8421052694320679,,,,,,,,,,,,,,,,
94,759,,,,,,,,,,,,,,,,,12.676467895507812,5.0789079666137695,11.844552993774414,0.8305489420890808,17.124601364135742,6.443185329437256,16.292490005493164,0.855400025844574,10.394535064697266,4.692254543304443,9.56265926361084,0.7777777910232544,17.645414352416992,6.5979180335998535,16.813274383544922,0.8589487671852112
94,759,6.95778226852417,2.5260820388793945,6.126802444458008,0.6666666865348816,16.368806838989258,5.223410606384277,15.536149978637695,0.8399999737739563,6.483753204345703,2.207294464111328,5.651825428009033,1.0,17.285205841064453,5.489271640777588,16.452404022216797,0.8508771657943726,,,,,,,,,,,,,,,,
95,767,,,,,,,,,,,,,,,,,12.523637771606445,4.989027500152588,11.691621780395508,0.818615734577179,16.9183349609375,6.406402111053467,16.086130142211914,0.8479999899864197,10.342849731445312,4.681990146636963,9.510735511779785,0.7777777910232544,17.431716918945312,6.565646171569824,16.599485397338867,0.8518518805503845
95,767,7.048996925354004,2.654393196105957,6.216981887817383,0.6666666865348816,16.18414306640625,5.163966655731201,15.353055000305176,0.800000011920929,4.635217666625977,2.166907787322998,3.798642635345459,1.0,17.10795021057129,5.414670944213867,16.27703094482422,0.8070175647735596,,,,,,,,,,,,,,,,
96,775,,,,,,,,,,,,,,,,,12.586382865905762,5.024277687072754,11.754416465759277,0.8138424754142761,17.022724151611328,6.383124351501465,16.190570831298828,0.8519999980926514,10.361315727233887,4.639896392822266,9.529324531555176,0.7777777910232544,17.54134750366211,6.537231922149658,16.709165573120117,0.8567309975624084
96,775,7.841686725616455,2.506107807159424,7.017708778381348,0.7777777910232544,16.20888900756836,5.215123176574707,15.378440856933594,0.8080000281333923,4.221453666687012,2.549208164215088,3.3920581340789795,0.5,17.079763412475586,5.475763320922852,16.248783111572266,0.8157894611358643,,,,,,,,,,,,,,,,
97,783,,,,,,,,,,,,,,,,,12.581896781921387,5.0203166007995605,11.749991416931152,0.8210023641586304,16.960254669189453,6.395684719085693,16.128122329711914,0.8518000245094299,10.389703750610352,4.651202201843262,9.557735443115234,0.7638888955116272,17.472030639648438,6.551348686218262,16.639881134033203,0.8560656309127808
97,783,7.768420696258545,2.600555658340454,6.937790870666504,0.7777777910232544,16.211828231811523,5.139384746551514,15.381750106811523,0.8240000009536743,4.555532932281494,1.97599196434021,3.73122239112854,1.0,17.082908630371094,5.395317554473877,16.25277328491211,0.8245614171028137,,,,,,,,,,,,,,,,
98,791,,,,,,,,,,,,,,,,,12.667160034179688,5.177847862243652,11.835270881652832,0.825775682926178,16.932043075561523,6.45940637588501,16.099916458129883,0.8485999703407288,10.492593765258789,4.822614669799805,9.660614013671875,0.7916666865348816,17.431190490722656,6.604632377624512,16.599031448364258,0.8516300916671753
98,791,6.941039085388184,2.7125043869018555,6.1066412925720215,0.6666666865348816,16.068138122558594,5.094496250152588,15.235998153686523,0.8080000281333923,4.779495716094971,2.3741650581359863,3.953317403793335,1.0,16.986745834350586,5.330273151397705,16.154678344726562,0.8157894611358643,,,,,,,,,,,,,,,,
99,799,,,,,,,,,,,,,,,,,12.643589973449707,5.050962924957275,11.811666488647461,0.8114558458328247,16.96735382080078,6.349046230316162,16.13518524169922,0.8525999784469604,10.491433143615723,4.6875834465026855,9.659462928771973,0.7916666865348816,17.47254180908203,6.496200084686279,16.640356063842773,0.8573963046073914
99,799,7.57018518447876,2.7679643630981445,6.735818386077881,0.8888888955116272,16.036325454711914,5.094862937927246,15.203173637390137,0.8399999737739563,5.082413673400879,2.1334176063537598,4.260315895080566,1.0,16.89687728881836,5.330521106719971,16.063631057739258,0.8333333134651184,,,,,,,,,,,,,,,,
